cross,mean,SE,sex,enviro,sire,dam
P1,39,20.13333,U,35,1,1
P2,50,441,U,35,2,2
F1,52.375,22.60491,U,35,2,1
rF1,46.57143,27.08844,U,35,1,2
F2a,16.25,4.16964,U,35,3,3
F2b,28.25,14.77679,U,35,3,4
rF2a,32,17.78571,U,35,4,3
rF2b,19,9.32143,U,35,4,4
BC1a,35.42857,57.85034,U,35,3,1
BC1b,45.125,7.6942,U,35,4,1
rBC1a,41.66667,28.11111,U,35,1,3
rBC1b,47.75,66.8125,U,35,1,4
BC2a,12.57143,7.94558,U,35,3,2
BC2b,10.25,2.09821,U,35,4,2
rBC2a,55.375,29.67634,U,35,2,3
rBC2b,50,27.35714,U,35,2,4